{"lr": 0.01, "data_time": 0.00031554698944091797, "loss": 1.4397914290428162, "time": 0.07343902587890624, "epoch": 1, "memory": 2962, "step": 100}
{"accuracy/top1": 56.193695068359375, "data_time": 0.013462015560695104, "time": 0.03792024510247367, "step": 1}
{"lr": 0.01, "data_time": 0.0003296375274658203, "loss": 1.007600861787796, "time": 0.07369415760040283, "epoch": 2, "memory": 2962, "step": 209}
{"accuracy/top1": 67.11711883544922, "data_time": 0.004308075740419585, "time": 0.028478318247301824, "step": 2}
{"lr": 0.01, "data_time": 0.0003323078155517578, "loss": 0.9252509951591492, "time": 0.07393970489501953, "epoch": 3, "memory": 2962, "step": 318}
{"accuracy/top1": 71.73423767089844, "data_time": 0.004269567029229526, "time": 0.028678261000534583, "step": 3}
{"lr": 0.01, "data_time": 0.00033502578735351564, "loss": 0.7140802085399628, "time": 0.07364771366119385, "epoch": 4, "memory": 2962, "step": 427}
{"accuracy/top1": 79.39189147949219, "data_time": 0.0041397357809132545, "time": 0.02852117604222791, "step": 4}
{"lr": 0.01, "data_time": 0.00032024383544921876, "loss": 0.7145144224166871, "time": 0.07379069328308105, "epoch": 5, "memory": 2962, "step": 536}
{"accuracy/top1": 84.23423767089844, "data_time": 0.004173180152629984, "time": 0.028435065828520675, "step": 5}
{"lr": 0.01, "data_time": 0.0003416776657104492, "loss": 0.49498867988586426, "time": 0.07400984764099121, "epoch": 6, "memory": 2962, "step": 645}
{"accuracy/top1": 82.5450439453125, "data_time": 0.004068909020259462, "time": 0.028537774908131565, "step": 6}
{"lr": 0.01, "data_time": 0.0003189563751220703, "loss": 0.5932271182537079, "time": 0.07423179149627686, "epoch": 7, "memory": 2962, "step": 754}
{"accuracy/top1": 81.30630493164062, "data_time": 0.004032044575132173, "time": 0.02839769988224424, "step": 7}
{"lr": 0.01, "data_time": 0.00035071372985839844, "loss": 0.6017764836549759, "time": 0.07441129684448242, "epoch": 8, "memory": 2962, "step": 863}
{"accuracy/top1": 84.23423767089844, "data_time": 0.004010258049800478, "time": 0.02845471480797077, "step": 8}
{"lr": 0.01, "data_time": 0.00032110214233398436, "loss": 0.4896732360124588, "time": 0.07448441982269287, "epoch": 9, "memory": 2962, "step": 972}
{"accuracy/top1": 80.96846771240234, "data_time": 0.0040774427611252355, "time": 0.02864087861159752, "step": 9}
{"lr": 0.01, "data_time": 0.00030405521392822265, "loss": 0.5680136561393738, "time": 0.07432007789611816, "epoch": 10, "memory": 2962, "step": 1081}
{"accuracy/top1": 84.23423767089844, "data_time": 0.004206887606916757, "time": 0.028769287569769496, "step": 10}
