{"lr": 2.5863685344827587e-05, "data_time": 0.9506955623626709, "loss": 2.8213239192962645, "loss_cls": 2.1800076961517334, "loss_bbox": 0.6413162231445313, "time": 2.787207746505737, "epoch": 1, "iter": 5, "memory": 1620, "step": 5}
{"lr": 6.465640086206897e-05, "data_time": 0.7685248418287798, "loss": 2.8301119804382324, "loss_cls": 2.196272785013372, "loss_bbox": 0.6338391900062561, "time": 1.8636888373981824, "epoch": 2, "iter": 11, "memory": 1620, "step": 11}
{"lr": 0.00010344911637931034, "data_time": 0.6955783226910759, "loss": 2.801064070533304, "loss_cls": 2.156927887131186, "loss_bbox": 0.6441361728836509, "time": 1.4802902025334976, "epoch": 3, "iter": 17, "memory": 1620, "step": 17}
{"lr": 0.00014224183189655168, "data_time": 0.6606002786885137, "loss": 2.8040291537409243, "loss_cls": 2.1678460318109263, "loss_bbox": 0.6361831219299979, "time": 1.293874574744183, "epoch": 4, "iter": 23, "memory": 1620, "step": 23}
{"lr": 0.000181034547413793, "data_time": 0.6889799298911259, "loss": 2.796958405396034, "loss_cls": 2.1676890726747184, "loss_bbox": 0.6292693286106504, "time": 1.2720043165930386, "epoch": 5, "iter": 29, "memory": 1620, "step": 29}
{"lr": 0.0001874999999999999, "data_time": 0.6648583207811628, "loss": 2.7966834340776714, "loss_cls": 2.1843137298311506, "loss_bbox": 0.6123696999890463, "time": 1.1799736704145158, "epoch": 6, "iter": 35, "memory": 1620, "step": 35}
{"lr": 0.0001874999999999999, "data_time": 0.642271076760641, "loss": 2.7690530346661077, "loss_cls": 2.164605117425686, "loss_bbox": 0.6044479063371333, "time": 1.1156265793777094, "epoch": 7, "iter": 41, "memory": 1620, "step": 41}
{"lr": 0.0001874999999999999, "data_time": 0.6728559351981954, "loss": 2.7317835219362947, "loss_cls": 2.141102544804837, "loss_bbox": 0.5906809726928143, "time": 1.1236394161873675, "epoch": 8, "iter": 47, "memory": 1620, "step": 47}
{"lr": 0.0001874999999999999, "data_time": 0.6014927005767823, "loss": 2.63086452960968, "loss_cls": 2.0684471845626833, "loss_bbox": 0.562417339682579, "time": 0.8760570287704468, "epoch": 9, "iter": 53, "memory": 1620, "step": 53}
{"lr": 0.0001874999999999999, "data_time": 0.6085327434539795, "loss": 2.524313898086548, "loss_cls": 1.9832188415527343, "loss_bbox": 0.5410950535535812, "time": 0.8576550960540772, "epoch": 10, "iter": 59, "memory": 1620, "step": 59}
{"coco/bbox_mAP": 0.521, "coco/bbox_mAP_50": 0.654, "coco/bbox_mAP_75": 0.629, "coco/bbox_mAP_s": 0.0, "coco/bbox_mAP_m": 0.134, "coco/bbox_mAP_l": 0.661, "data_time": 0.03429986880375789, "time": 0.0945136547088623, "step": 10}
{"lr": 0.0001874999999999999, "data_time": 0.5960916566848755, "loss": 2.4055985951423646, "loss_cls": 1.8933212780952453, "loss_bbox": 0.5122773140668869, "time": 0.8426923656463623, "epoch": 11, "iter": 65, "memory": 1620, "step": 65}
{"lr": 0.0001874999999999999, "data_time": 0.5908136796951294, "loss": 2.210676851272583, "loss_cls": 1.7307464647293092, "loss_bbox": 0.47993038058280946, "time": 0.8418747282028198, "epoch": 12, "iter": 71, "memory": 1620, "step": 71}
{"lr": 0.0001874999999999999, "data_time": 0.5881505680084228, "loss": 2.03723060131073, "loss_cls": 1.5892198956012726, "loss_bbox": 0.4480107033252716, "time": 0.8393501615524293, "epoch": 13, "iter": 77, "memory": 1620, "step": 77}
{"lr": 0.0001874999999999999, "data_time": 0.5879090642929077, "loss": 1.8194646036624909, "loss_cls": 1.399375833272934, "loss_bbox": 0.42008876442909243, "time": 0.8371794509887696, "epoch": 14, "iter": 83, "memory": 1620, "step": 83}
{"lr": 0.0001874999999999999, "data_time": 0.5964783382415771, "loss": 1.614188928604126, "loss_cls": 1.2269978511333466, "loss_bbox": 0.38719108164310456, "time": 0.8432991695404053, "epoch": 15, "iter": 89, "memory": 1620, "step": 89}
{"lr": 0.0001874999999999999, "data_time": 0.5901138067245484, "loss": 1.4223098492622375, "loss_cls": 1.0595927101373672, "loss_bbox": 0.3627171379327774, "time": 0.8384659624099732, "epoch": 16, "iter": 95, "memory": 1620, "step": 95}
{"lr": 0.0001874999999999999, "data_time": 0.5966387891769409, "loss": 1.2720381939411163, "loss_cls": 0.9273752182722091, "loss_bbox": 0.3446629750728607, "time": 0.8405232381820679, "epoch": 17, "iter": 101, "memory": 1620, "step": 101}
{"lr": 0.0001874999999999999, "data_time": 0.5796449613571167, "loss": 1.151175161600113, "loss_cls": 0.824861827492714, "loss_bbox": 0.3263133317232132, "time": 0.8351670360565185, "epoch": 18, "iter": 107, "memory": 1620, "step": 107}
{"lr": 0.0001874999999999999, "data_time": 0.605384955406189, "loss": 1.0359423828125, "loss_cls": 0.7285255515575408, "loss_bbox": 0.30741682946681975, "time": 0.8684844160079956, "epoch": 19, "iter": 113, "memory": 1620, "step": 113}
{"lr": 0.0001874999999999999, "data_time": 0.6117221736907958, "loss": 0.9569447135925293, "loss_cls": 0.6615785217285156, "loss_bbox": 0.2953661888837814, "time": 0.8719241046905517, "epoch": 20, "iter": 119, "memory": 1620, "step": 119}
{"coco/bbox_mAP": 0.686, "coco/bbox_mAP_50": 0.802, "coco/bbox_mAP_75": 0.785, "coco/bbox_mAP_s": 0.0, "coco/bbox_mAP_m": 0.424, "coco/bbox_mAP_l": 0.799, "data_time": 0.014632327216012138, "time": 0.038269945553370883, "step": 20}
{"lr": 0.00018701210630623673, "data_time": 0.6300222873687744, "loss": 0.9030467116832733, "loss_cls": 0.616959217786789, "loss_bbox": 0.2860874918103218, "time": 0.8812834215164185, "epoch": 21, "iter": 125, "memory": 1620, "step": 125}
{"lr": 0.00018446526890387004, "data_time": 0.6297225570678711, "loss": 0.8766271531581878, "loss_cls": 0.596599645614624, "loss_bbox": 0.28002750366926193, "time": 0.8778510189056397, "epoch": 22, "iter": 131, "memory": 1620, "step": 131}
{"lr": 0.00017980014232129403, "data_time": 0.6352489614486694, "loss": 0.8825574421882629, "loss_cls": 0.5990716564655304, "loss_bbox": 0.28348577886819837, "time": 0.8862260866165161, "epoch": 23, "iter": 137, "memory": 1620, "step": 137}
{"lr": 0.00017313159745763925, "data_time": 0.6336390686035156, "loss": 0.8704461514949798, "loss_cls": 0.5897438961267472, "loss_bbox": 0.2807022494077682, "time": 0.8760514450073242, "epoch": 24, "iter": 143, "memory": 1620, "step": 143}
{"lr": 0.00016462383601908038, "data_time": 0.63640700340271, "loss": 0.8568920731544495, "loss_cls": 0.5817693507671357, "loss_bbox": 0.27512271553277967, "time": 0.8896400451660156, "epoch": 25, "iter": 149, "memory": 1620, "step": 149}
{"lr": 0.0001544863473278761, "data_time": 0.6352081394195557, "loss": 0.8236765718460083, "loss_cls": 0.5555513840913773, "loss_bbox": 0.26812518417835235, "time": 0.8898240375518799, "epoch": 26, "iter": 155, "memory": 1620, "step": 155}
{"lr": 0.00014296874999999998, "data_time": 0.6471374034881592, "loss": 0.797744368314743, "loss_cls": 0.53478979408741, "loss_bbox": 0.262954571545124, "time": 0.8882365512847901, "epoch": 27, "iter": 161, "memory": 1620, "step": 161}
{"lr": 0.0001303546455063783, "data_time": 0.6493676614761352, "loss": 0.8023155319690705, "loss_cls": 0.5410048997402191, "loss_bbox": 0.26131063044071196, "time": 0.8890398740768433, "epoch": 28, "iter": 167, "memory": 1620, "step": 167}
{"lr": 0.00011695463496345667, "data_time": 0.6315751886367797, "loss": 0.7836312407255173, "loss_cls": 0.5261802762746811, "loss_bbox": 0.25745096266269685, "time": 0.8700390815734863, "epoch": 29, "iter": 173, "memory": 1620, "step": 173}
{"lr": 0.00010309867110288716, "data_time": 0.652620644569397, "loss": 0.7677768856287003, "loss_cls": 0.5126750087738037, "loss_bbox": 0.2551018759608269, "time": 0.891423225402832, "epoch": 30, "iter": 179, "memory": 1620, "step": 179}
{"coco/bbox_mAP": 0.701, "coco/bbox_mAP_50": 0.814, "coco/bbox_mAP_75": 0.78, "coco/bbox_mAP_s": 0.0, "coco/bbox_mAP_m": 0.413, "coco/bbox_mAP_l": 0.821, "data_time": 0.01265965189252581, "time": 0.037769624165126255, "step": 30}
{"lr": 8.912793374022463e-05, "data_time": 0.6665816068649292, "loss": 0.7285208219289779, "loss_cls": 0.48075555205345155, "loss_bbox": 0.24776527136564255, "time": 0.9143552207946777,