{"lr": 0.0009995544654689387, "data_time": 0.016289615631103517, "loss": 2.3852046251297, "decode.loss_ce": 1.6892011046409607, "decode.acc_seg": 68.4058837890625, "aux.loss_ce": 0.696003532409668, "aux.acc_seg": 53.752418518066406, "time": 0.8389401912689209, "iter": 12, "memory": 14086, "step": 12}
{"lr": 0.0009980151574257728, "data_time": 0.012720465660095215, "loss": 1.3132557272911072, "decode.loss_ce": 0.81424201130867, "decode.acc_seg": 72.2982406616211, "aux.loss_ce": 0.49901370108127596, "aux.acc_seg": 70.51529693603516, "time": 0.8295576095581054, "iter": 50, "memory": 11110, "step": 50}
{"aAcc": 83.87, "mIoU": 27.73, "mAcc": 32.77, "data_time": 0.03208426995710893, "time": 1.8033463521437212, "step": 80}
{"lr": 0.000995989305258393, "data_time": 0.011554336547851563, "loss": 0.9527336955070496, "decode.loss_ce": 0.6171411067247391, "decode.acc_seg": 73.55803680419922, "aux.loss_ce": 0.33559258878231046, "aux.acc_seg": 69.09544372558594, "time": 0.8238370656967163, "iter": 100, "memory": 11111, "step": 100}
{"lr": 0.0009939629440184174, "data_time": 0.020096635818481444, "loss": 0.7287331014871598, "decode.loss_ce": 0.4651975274085999, "decode.acc_seg": 88.88945007324219, "aux.loss_ce": 0.26353557854890824, "aux.acc_seg": 83.13738250732422, "time": 0.8447703838348388, "iter": 150, "memory": 11111, "step": 150}
{"aAcc": 89.0, "mIoU": 40.07, "mAcc": 45.46, "data_time": 0.026385605335235596, "time": 0.16231948137283325, "step": 160}
{"lr": 0.0009919360722951366, "data_time": 0.016636157035827638, "loss": 0.596067202091217, "decode.loss_ce": 0.3789490431547165, "decode.acc_seg": 92.7603759765625, "aux.loss_ce": 0.21711815148591995, "aux.acc_seg": 92.53802490234375, "time": 0.8354071855545044, "iter": 200, "memory": 11111, "step": 200}
{"aAcc": 91.5, "mIoU": 46.66, "mAcc": 51.4, "data_time": 0.02575806776682536, "time": 0.16342492898305258, "step": 240}
{"lr": 0.0009899086886703593, "data_time": 0.012525248527526855, "loss": 0.4916147291660309, "decode.loss_ce": 0.3019469201564789, "decode.acc_seg": 88.34972381591797, "aux.loss_ce": 0.1896678052842617, "aux.acc_seg": 86.11874389648438, "time": 0.8254715919494628, "iter": 250, "memory": 11110, "step": 250}
{"lr": 0.0009878807917183547, "data_time": 0.015889644622802734, "loss": 0.45137083530426025, "decode.loss_ce": 0.27399016469717025, "decode.acc_seg": 94.14176940917969, "aux.loss_ce": 0.17738066613674164, "aux.acc_seg": 86.983154296875, "time": 0.8369661092758178, "iter": 300, "memory": 11110, "step": 300}
{"aAcc": 95.24, "mIoU": 56.77, "mAcc": 60.62, "data_time": 0.014406243960062662, "time": 0.14820448557535806, "step": 320}
{"lr": 0.0009858523800057885, "data_time": 0.012815356254577637, "loss": 0.42708603143692014, "decode.loss_ce": 0.2551612690091133, "decode.acc_seg": 93.97511291503906, "aux.loss_ce": 0.1719247542321682, "aux.acc_seg": 85.75882720947266, "time": 0.8252275943756103, "iter": 350, "memory": 11111, "step": 350}
{"lr": 0.0009838234520916705, "data_time": 0.015766072273254394, "loss": 0.48117527067661287, "decode.loss_ce": 0.3039884760975838, "decode.acc_seg": 94.53465270996094, "aux.loss_ce": 0.1771867923438549, "aux.acc_seg": 94.11009216308594, "time": 0.834650707244873, "iter": 400, "memory": 11110, "step": 400}
{"aAcc": 92.68, "mIoU": 52.02, "mAcc": 59.61, "data_time": 0.01929299036661784, "time": 0.153286079565684, "step": 400}
{"lr": 0.000981794006527287, "data_time": 0.0175295352935791, "loss": 0.32281131744384767, "decode.loss_ce": 0.18618749007582663, "decode.acc_seg": 94.25932312011719, "aux.loss_ce": 0.136623827368021, "aux.acc_seg": 89.93534088134766, "time": 0.8372445106506348, "iter": 450, "memory": 11110, "step": 450}
{"aAcc": 93.95, "mIoU": 58.38, "mAcc": 65.09, "data_time": 0.01385188102722168, "time": 0.14786567290623984, "step": 480}
{"lr": 0.0009797640418561444, "data_time": 0.012756872177124023, "loss": 0.31059919893741605, "decode.loss_ce": 0.19296185970306395, "decode.acc_seg": 95.48973846435547, "aux.loss_ce": 0.11763734295964241, "aux.acc_seg": 92.03462219238281, "time": 0.8238817453384399, "iter": 500, "memory": 11111, "step": 500}
{"lr": 0.0009777335566139042, "data_time": 0.01594963073730469, "loss": 0.3785793423652649, "decode.loss_ce": 0.22519193440675736, "decode.acc_seg": 97.14285278320312, "aux.loss_ce": 0.1533874124288559, "aux.acc_seg": 95.55431365966797, "time": 0.8327517747879029, "iter": 550, "memory": 11110, "step": 550}
{"aAcc": 87.53, "mIoU": 55.51, "mAcc": 67.54, "data_time": 0.027879536151885986, "time": 0.16376272837320963, "step": 560}
{"lr": 0.0009757025493283226, "data_time": 0.01645538806915283, "loss": 0.33650956898927686, "decode.loss_ce": 0.20292120575904846, "decode.acc_seg": 94.5821304321289, "aux.loss_ce": 0.1335883617401123, "aux.acc_seg": 94.4173355102539, "time": 0.834938931465149, "iter": 600, "memory": 11110, "step": 600}
{"aAcc": 96.44, "mIoU": 68.01, "mAcc": 72.44, "data_time": 0.01597370704015096, "time": 0.15255385637283325, "step": 640}
{"lr": 0.0009736710185191867, "data_time": 0.012312483787536622, "loss": 0.27164661288261416, "decode.loss_ce": 0.15867614299058913, "decode.acc_seg": 91.81413269042969, "aux.loss_ce": 0.1129704736173153, "aux.acc_seg": 90.00492095947266, "time": 0.8242342710494995, "iter": 650, "memory": 11110, "step": 650}
{"lr": 0.0009716389626982472, "data_time": 0.01888906955718994, "loss": 0.34004079848527907, "decode.loss_ce": 0.19634141623973847, "decode.acc_seg": 87.0469741821289, "aux.loss_ce": 0.14369937852025033, "aux.acc_seg": 76.532958984375, "time": 0.839730954170227, "iter": 700, "memory": 11111, "step": 700}
{"aAcc": 87.72, "mIoU": 59.25, "mAcc": 74.0, "data_time": 0.010699530442555746, "time": 0.1461021900177002, "step": 720}
{"lr": 0.0009696063803691602, "data_time": 0.012726664543151855, "loss": 0.2417078360915184, "decode.loss_ce": 0.13748787939548493, "decode.acc_seg": 96.33141326904297, "aux.loss_ce": 0.1042199581861496, "aux.acc_seg": 92.92790222167969, "time": 0.8248569250106812, "iter": 750, "memory": 11110, "step": 750}
{"lr": 0.0009675732700274179, "data_time": 0.014834737777709961, "loss": 0.2916628450155258, "decode.loss_ce": 0.16424625217914582, "decode.acc_seg": 97.15767669677734, "aux.loss_ce": 0.12741659060120583, "aux.acc_seg": 89.3469467163086, "time": 0.8330456256866455, "iter": 800, "memory": 11111, "step": 800}
{"aAcc": 90.51, "mIoU": 62.12, "mAcc": 73.53, "data_time": 0.014364322026570639, "time": 0.1486083666483561, "step": 800}
{"lr": 0.0009655396301602832, "data_time": 0.018880271911621095, "loss": 0.23785917460918427, "decode.loss_ce": 0.13653189986944197, "decode.acc_seg": 97.69503784179688, "aux.loss_ce": 0.10132727324962616, "aux.acc_seg": 95.97362518310547, "time": 0.8416714191436767, "iter": 850, "memory": 11110, "step": 850}
{"aAcc": 81.2, "mIoU": 56.22, "mAcc": 71.0, "data_time": 0.014388779799143473, "time": 0.14866850773493448, "step": 880}
{"lr": 0.0009635054592467239, "data_time": 0.012479925155639648, "loss": 0.33020542562007904, "decode.loss_ce": 0.20260084122419358, "decode.acc_seg": 95.10240173339844, "aux.loss_ce": 0.1276045847684145, "aux.acc_seg": 92.29302215576172, "time": 0.8233825206756592, "iter": 900, "memory": 11110, "step": 900}
{"lr": 0.0009614707557573457, "data_time": 0.016778182983398438, "loss": 0.2236696660518646, "decode.loss_ce": 0.12680621072649956, "decode.acc_seg": 95.86795806884766, "aux.loss_ce": 0.09686345756053924, "aux.acc_seg": 94.59456634521484, "time": 0.8411524772644043, "iter": 950, "memory": 11110, "step": 950}
{"aAcc": 96.02, "mIoU": 68.37, "mAcc": 76.35, "data_time": 0.01978135108947754, "time": 0.15470520655314127, "step": 960}
{"lr": 0.000959435518154323, "data_time": 0.014507675170898437, "loss": 0.23724374175071716, "decode.loss_ce": 0.14480262175202369, "decode.acc_seg": 92.15135955810547, "aux.loss_ce": 0.09244112074375152, "aux.acc_seg": 86.70331573486328, "time": 0.8279611110687256, "iter": 1000, "memory": 11110, "step": 1000}
